Workbook

Sheet 差旅申請單 (範本)
A1: 成創永續股份有限公司
A2: 差旅報支申請單 年 月 日
A3: 姓名： | F3: 廠牌： | J3: 車號： | P3: 經辦人填寫
E4: (簽章)
A5: 編號 | B5: 事由 | C5: 日期 | E5: 起迄地點 | G5: 里程數 | H5: 火車 | I5: 高鐵 | J5: 其他費用 | M5: 說明 | N5: 旅館費 | O5: 差旅總額 | P5: 審核金額 | Q5: 備註
B6: 公司 | E6: 起 | F6: 迄 | J6: 合計$ | K6: 內容 | L6: 內容/$ | M6: 起迄地點
B7: 驗證/視察 | C7: 1 | D7: 20 | E7: 台南 | F7: 台北 | H7: 963 | I7: 2700 | J7: =SUM(L7:L8) | K7: 捷運 | L7: 40 | M7: 火車：沙崙->台南 捷運：台北車站->公館 | N7: 1600 | O7: =SUM(G7*6,H7:J7,N7)
B8: 美妙公司 | K8: 計程車 | L8: 350
J9: =SUM(L9:L10) | O9: =SUM(G9*6,H9:J9,N9)
J11: =SUM(L11:L12) | O11: =SUM(G11*6,H11:J11,N11)
J13: =SUM(L13:L14) | O13: =SUM(G13*6,H13:J13,N13)
J15: =SUM(L15:L16) | O15: =SUM(G15*6,H15:J15,N15)
J17: =SUM(L17:L18) | O17: =SUM(G17*6,H17:J17,N17)
J19: =SUM(L19:L20) | O19: =SUM(G19*6,H19:J19,N19)
J21: =SUM(L21:L22) | O21: =SUM(G21*6,H21:J21,N21)
J23: =SUM(L23:L24) | O23: =SUM(G23*6,H23:J23,N23)
J25: =SUM(L25:L26) | O25: =SUM(G25*6,H25:J25,N25)
J27: =SUM(L27:L28) | O27: =SUM(G27*6,H27:J27,N27)
J29: =SUM(L29:L30) | O29: =SUM(G29*6,H29:J29,N29)
J31: =SUM(L31:L32) | O31: =SUM(G31*6,H31:J31,N31)
... J39: =SUM(L39:L40) | O39: =SUM(G39*6,H39:J39,N39)
A41: 合計 | G41: =SUM(G7:G40) | H41: =SUM(H7:H40) | I41: =SUM(I7:I40) | J41: =SUM(J7:J40) | N41: =SUM(N7:N40) | O41: =SUM(O7:O40) | P41: =SUM(P7:P40)
A42: 總經理： | G42: 經理 : | K42: 經辦人： | N42: 審核：

Sheet 差旅申請單5月
A1: 成創永續股份有限公司
A2: 差旅報支申請單 | N2: 115 | O2: 年 | P2: 6 | Q2: 月 | R2: 7 | S2: 日
A3: 姓名： 陳峙霖 | F3: 廠牌：Tesla | K3: 車號： | L3: REA-8655 | R3: 經辦人填寫
E4: (簽章)
A5: 編號 | B5: 事由 | C5: 日期 | E5: 起迄地點 | G5: 里程數 | H5: 油資 | I5: 火車 | J5: 高鐵 | K5: 其他費用 | N5: 說明 | O5: 旅館費 | P5: 膳雜費 | Q5: 差旅總額 | R5: 審核金額 | S5: 備註
B6: 公司 | E6: 起 | F6: 迄 | K6: 合計$ | L6: 內容 | M6: 內容/$ | N6: 起迄地點
A7: 1 | B7: =油費報告書5月!J4 | C7: =油費報告書5月!A4 | D7: =油費報告書5月!B4 | E7: =油費報告書5月!C4 | F7: =油費報告書5月!F4 | G7: =油費報告書5月!H4 | H7: =油費報告書5月!I4 | K7: =SUM(M7:M8) | P7: 400 | Q7: =SUM(G7*8,I7:K7,P7)
B8: =油費報告書5月!K4
A9: 2 | B9: =油費報告書5月!J5 | C9: =油費報告書5月!A5 | D9: =油費報告書5月!B5 | E9: =油費報告書5月!C5 | F9: =油費報告書5月!F5 | G9: =油費報告書5月!H5 | H9: =油費報告書5月!I5 | K9: =SUM(M9:M10) | P9: 400 | Q9: =SUM(G9*8,I9:K9,P9)
B10: =油費報告書5月!K5
A11: 3 | B11: =油費報告書5月!J6 | C11: =油費報告書5月!A6 | D11: =油費報告書5月!B6 | E11: =油費報告書5月!C6 | F11: =油費報告書5月!F6 | G11: =油費報告書5月!H6 | H11: =油費報告書5月!I6 | K11: =SUM(M11:M12) | P11: 400 | Q11: =SUM(G11*8,I11:K11,P11)
B12: =油費報告書5月!K6
A13: 4 | B13: =油費報告書5月!J7 | C13: =油費報告書5月!A7 | D13: =油費報告書5月!B7 | E13: =油費報告書5月!C7 | F13: =油費報告書5月!F7 | G13: =油費報告書5月!H7 | H13: =油費報告書5月!I7 | K13: =SUM(M13:M14) | P13: 400 | Q13: =SUM(G13*8,I13:K13,P13)
B14: =油費報告書5月!K7
A15: 5 | B15: =油費報告書5月!J8 | C15: =油費報告書5月!A8 | D15: =油費報告書5月!B8 | E15: =油費報告書5月!C8 | F15: =油費報告書5月!F8 | G15: =油費報告書5月!H8 | H15: =油費報告書5月!I8 | K15: =SUM(M15:M16) | P15: 400 | Q15: =SUM(G15*8,I15:K15,P15)
B16: =油費報告書5月!K8
A17: 6 | B17: =油費報告書5月!J9 | C17: =油費報告書5月!A9 | D17: =油費報告書5月!B9 | E17: =油費報告書5月!C9 | F17: =油費報告書5月!F9 | G17: =油費報告書5月!H9 | H17: =油費報告書5月!I9 | K17: =SUM(M17:M18) | P17: 400 | Q17: =SUM(G17*8,I17:K17,P17)
B18: =油費報告書5月!K9
A19: 7 | B19: =油費報告書5月!J10 | C19: =油費報告書5月!A10 | D19: =油費報告書5月!B10 | E19: =油費報告書5月!C10 | F19: =油費報告書5月!F10 | G19: =油費報告書5月!H10 | H19: =油費報告書5月!I10 | K19: =SUM(M19:M20) | P19: 400 | Q19: =SUM(G19*8,I19:K19,P19)
B20: =油費報告書5月!K10
A21: 8 | B21: =油費報告書5月!J11 | C21: =油費報告書5月!A11 | D21: =油費報告書5月!B11 | E21: =油費報告書5月!C11 | F21: =油費報告書5月!F11 | G21: =油費報告書5月!H11 | H21: =油費報告書5月!I11 | K21: =SUM(M21:M22) | P21: 400 | Q21: =SUM(G21*8,I21:K21,P21)
B22: =油費報告書5月!K11
A23: 9 | B23: =油費報告書5月!J12 | C23: =油費報告書5月!A12 | D23: =油費報告書5月!B12 | E23: =油費報告書5月!C12 | F23: =油費報告書5月!F12 | G23: =油費報告書5月!H12 | H23: =油費報告書5月!I12 | K23: =SUM(M23:M24) | P23: 400 | Q23: =SUM(G23*8,I23:K23,P23)
B24: =油費報告書5月!K12
A25: 10 | B25: =油費報告書5月!J13 | C25: =油費報告書5月!A13 | D25: =油費報告書5月!B13 | E25: =油費報告書5月!C13 | F25: =油費報告書5月!F13 | G25: =油費報告書5月!H13 | H25: =油費報告書5月!I13 | K25: =SUM(M25:M26) | P25: 400 | Q25: =SUM(G25*8,I25:K25,P25)
B26: =油費報告書5月!K13
A27: 11 | B27: =油費報告書5月!J14 | C27: =油費報告書5月!A14 | D27: =油費報告書5月!B14 | E27: =油費報告書5月!C14 | F27: =油費報告書5月!F14 | G27: =油費報告書5月!H14 | H27: =油費報告書5月!I14 | K27: =SUM(M27:M28) | P27: 400 | Q27: =SUM(G27*8,I27:K27,P27)
B28: =油費報告書5月!K14
A29: 12 | B29: =油費報告書5月!J15 | C29: =油費報告書5月!A15 | D29: =油費報告書5月!B15 | E29: =油費報告書5月!C15 | F29: =油費報告書5月!F15 | G29: =油費報告書5月!H15 | H29: =油費報告書5月!I15 | K29: =SUM(M29:M30) | P29: 400 | Q29: =SUM(G29*8,I29:K29,P29)
B30: =油費報告書5月!K15
A31: 13 | B31: =油費報告書5月!J16 | C31: =油費報告書5月!A16 | D31: =油費報告書5月!B16 | E31: =油費報告書5月!C16 | F31: =油費報告書5月!F16 | G31: =油費報告書5月!H16 | H31: =油費報告書5月!I16 | K31: =SUM(M31:M32) | P31: 400 | Q31: =SUM(G31*8,I31:K31,P31)
B32: =油費報告書5月!K16
A33: 14 | B33: =油費報告書5月!J17 | C33: =油費報告書5月!A17 | D33: =油費報告書5月!B17 | E33: =油費報告書5月!C17 | F33: =油費報告書5月!F17 | G33: =油費報告書5月!H17 | H33: =油費報告書5月!I17 | K33: =SUM(M33:M34) | P33: 800 | Q33: =SUM(G33*8,I33:K33,P33)
B34: =油費報告書5月!K17
A35: 15 | B35: =油費報告書5月!J18 | C35: 5 | D35: 29 | E35: 台南 | G35: =油費報告書5月!H18 | H35: =油費報告書5月!I18 | K35: =SUM(M35:M36) | Q35: =SUM(G35*8,I35:K35,P35)
B36: =油費報告書5月!K18
A37: 合計 | G37: =SUM(G7:G34) | H37: =SUM(H7:H34) | I37: =SUM(I7:I34) | J37: =SUM(J7:J34) | K37: =SUM(K7:K34) | O37: =SUM(O7:O34) | P37: =SUM(P7:P34) | Q37: =SUM(Q7:Q34) | R37: =SUM(R7:R34)
A38: 總經理： | G38: 經理 : | L38: 經辦人： | P38: 審核：

Sheet 油費報告書5月
A1: 115年 | B1: 5 | C1: 月 | F1: 油費報告書
A2: 車主姓名： 陳峙霖 | E2: 廠牌： Tesla | J2: 車號： REA-8655
A3: 日期 | C3: 起迄地點 | H3: 實際里程/$ | J3: 工作事由 | K3: 備註:
A4: 5 | B4: 2 | C4: 台南 | E4: ßà | F4: 台北 | H4: 33 | I4: =H4*8 | J4: 工廠輔導 | K4: 台灣水泥
A5: 5 | B5: 4 | C5: 台南 | E5: ßà | H5: 33 | I5: =H5*8 | J5: 工廠輔導 | K5: 陳峙霖 孫雅萱
A6: 5 | B6: 6 | C6: 台南 | E6: ßà | H6: 33 | I6: =H6*8 | J6: 工廠輔導 | K6: 元慶、綠建材工會
A7: 5 | B7: 7 | C7: 台南 | E7: ßà | F7: 高雄 | H7: 102 | I7: =H7*8 | J7: 教育訓練 | K7: 中石化大社廠
A8: 5 | B8: 8 | C8: 台南 | E8: ßà | H8: 33 | I8: =H8*8 | J8: 輔導查證 | K8: 上福集團、美利達
A9: 5 | B9: 13 | C9: 台南 | E9: ßà | H9: 33 | I9: =H9*8 | J9: 工廠輔導 | K9: 統一
A10: 5 | B10: 14 | C10: 台南 | E10: ßà | F10: 台北 | H10: 33 | I10: =H10*8 | J10: 工廠輔導 | K10: 台灣水泥、資策會
A11: 5 | B11: 15 | C11: 台南 | E11: ßà | F11: 新竹龜山 | H11: 33 | I11: =H11*8 | J11: 工廠輔導 | K11: 訊凱國際、PWC
A12: 5 | B12: 20 | C12: 台南 | E12: ßà | H12: 33 | I12: =H12*8 | J12: 工廠輔導 | K12: 華航
A13: 5 | B13: 21 | C13: 台南 | E13: ßà | F13: 新竹龜山 | H13: 33 | I13: =H13*8 | J13: 工廠輔導 | K13: 訊凱國際
A14: 5 | B14: 22 | C14: 台南 | E14: ßà | H14: 33 | I14: =H14*8 | J14: 工廠輔導 | K14: 晶泰
A15: 5 | B15: 26 | C15: 台南 | E15: ßà | F15: 桃園 | H15: 33 | I15: =H15*8 | J15: 工廠輔導 | K15: 康舒科技
A16: 5 | B16: 27 | C16: 台南 | E16: ßà | H16: 33 | I16: =H16*8 | J16: 工廠輔導 | K16: 交通部運研所、元慶
A17: 5 | B17: 28~29 | C17: 台南 | E17: ßà | H17: 33 | I17: =H17*8 | J17: 輔導查證 | K17: 上福集團
E18: ßà | I18: =H18*8
E19: ßà | I19: =H19*8
E20: ßà | I20: =H20*8
E21: ßà | I21: =H21*8
E22: ßà | I22: =H22*8
E23: ßà | I23: =H23*8
E24: ßà | I24: =H24*8
E25: ßà | I25: =H25*8
E26: ßà | I26: =H26*8
E27: ßà | I27: =H27*8
E28: ßà | I28: =H28*8
E29: ßà | I29: =H29*8
A30: 累 計 里 程 | G30: 合計： | H30: =SUM(H4:H29) | J30: 公里
A31: 補助費(含油料、維修等)每公里以8元核算 | G31: 應領金額 | H31: =H30*8 | J31: 元
A32: 115 | C32: 5 | D32: 月汽、機車補助費用，計新台幣 | H32: =H31+L30 | I32: 元正如數收訖
H33: 具領人：
